ready,id,date,time,title,content,images,location,tags,draft,sourceScreenshot,confidence,notes
true,moment-20260626-0000,2026-06-26,,青春好像正在变成小时候最不想成为的样子,"感我此言良久立，却坐促弦弦转急。

我忽然想起这句诗。

因为有时候，人真正难过的，不是眼前有多忙，而是在某个深夜突然意识到：

青春，好像正在一点一点变成自己小时候最不想成为的样子。

小时候。

我们羡慕大学。

觉得大学一定自由。

一定有很多朋友。

一定会去很多地方。

会认识喜欢的人。

会一起骑车、散步、喝咖啡。

会在图书馆读一本和考试毫无关系的书。

会背着包去看海、去看雪、去祖国边疆、去国外交换。

会认识不同的人，听不同的故事。

会慢慢长成一个丰富的人。

后来真的长大了。

才发现大学变成了另一种模样。

绩点。

竞赛。

科研。

论文。

保研。

项目。

实验。

导师。

每天醒来，就是新的任务。

没有周末。

没有寒暑假。

没有节假日。

微信消息一响，就意味着新的工作。

老师一句：

“有空吗？”

实际上意思是：

“今天开始。”

慢慢地。

知识变成了完成任务的工具。

学习变成了获得绩点的手段。

论文变成了保研的筹码。

竞赛变成了简历上的一行字。

可是。

知识本来不应该只是这样。

知识应该是：

第一次读到黎曼几何时的震撼。

第一次理解注意力机制时的惊喜。

第一次发现一个模型为什么有效时的兴奋。

第一次站在陌生城市街头时的好奇。

第一次发现世界比课本大得多时的快乐。

青春也不应该只是这样。

青春应该有很多没有目的的下午。

应该和喜欢的人压马路。

应该坐在咖啡馆发呆。

应该去不同大学蹭课。

应该去新疆看风。

去西藏看星空。

去香港、去新加坡、去欧洲，看看别人怎么生活。

应该允许自己浪费一点时间。

因为那些看似没有意义的经历。

最后往往组成了一个人的灵魂。

可是现实呢？

现实没有谁是坏人。

老师没有错。

他希望项目做好。

父母没有错。

他们希望孩子稳定。

学生没有错。

大家都想抓住机会。

社会也没有错。

竞争本来就存在。

没有人是错的。

可很多人最后都活成了小时候最陌生的样子。

小时候说：

我以后绝不天天工作。

后来。

晚上十一点还在改代码。

小时候说：

我要去很多地方。

后来。

宿舍、实验室、食堂，成了生活的全部地图。

小时候说：

我要认识很多有趣的人。

后来。

联系人列表越来越长。

真正能一起散步的人，却越来越少。

所以。

不是代码错了。

不是科研错了。

不是论文错了。

而是如果一个人的世界只剩下这些。

那就太可惜了。

因为人生不是一篇SCI。

也不是一个GitHub仓库。

它还应该有晚风。

有音乐。

有爱情。

有旅行。

有一本无关考试的书。

有一场说走就走的骑行。

有一次真正意义上的日出。

二十岁最大的财富，不是已经拥有多少。

而是还有机会去经历多少。

愿未来的某一天。

你回头看二十岁。

记住的不只是模型名字。

不是TimeMixer。

不是MoE。

不是Ablation。

而是：

那个夏天，骑着车吹过风。

那个傍晚，和喜欢的人走过校园。

那个冬天，第一次站在祖国边疆。

那个春天，终于走出了国门。

然后笑着对二十岁的自己说：

“谢谢你没有放弃努力。”

“也谢谢你，没有忘记好好生活。”",,,"朋友圈;生活切片",true,chat-inline-2026-06-26,high,"内容由用户在对话中直接提供；日期与正文均明确；无配图"
true,moment-20260628-1447,2026-06-28,14:47,内心贫瘠与自给自足,"当你内心贫瘠，精神世界一片荒芜的时候，你散发出的气息就是索取，你的所有示好，所有付出，潜意识里都刻着交易的密码，你对别人好，是希望他能回报给你价值，填补你的空虚，你不是爱他这个人，你是爱他所能为你提供的功能。

一个真正有魅力的人，首先得有一个完整且自给自足的内在世界，这个世界不依赖任何人的存在而运转，有自己的热爱，自己的事业，自己的朋友，自己的节奏。一个人待着的时候，是充实而安静的，而不是焦躁和恐慌的。",,,朋友圈;生活切片,true,moment-2026-06-28-1447.jpg,high,"截图来源；正文与日期完整；无配图；已忽略他人评论与点赞"
true,moment-20260629-2229,2026-06-29,22:29,跨周期迁移的能力,"纵观历史，今天看起来最主流的技术路线，未必永远是最终答案。

真正值得长期投入的，通常不是某个短期标签，而是那些能够跨平台、跨周期和跨行业迁移的能力。",,,朋友圈;生活切片,true,moment-2026-06-29-2229.jpg,high,"截图来源；正文与日期完整；无配图；已忽略他人评论与点赞"
true,moment-20260702-1030,2026-07-02,10:30,实践、理解与像模像样,"上高中时觉得：

实践是检验真理的标准

知道一个东西，不等于真正理解它

理解事物的原理不等于真正掌握

而掌握一个事情唯有成百上千小时的训练实践才行

现在发觉不过是自娱自乐，庸人自扰。做一件事无非先假模假样，再像模像样，最后就有模有样了。",,,朋友圈;生活切片,true,moment-2026-07-02-1030.jpg,high,"截图来源；正文与日期完整；无配图；已忽略他人评论与点赞"
false,moment-20260705-1449,2026-07-05,14:49,学历贬值与多快好省,"以前我觉得法国特拉胯，天天搞游行，天天闹，今天嫌弃工作时间多了，明天嫌弃假期少了。现在我的看法变了，因为我快毕业了。

学历贬值的原因在于供给端 > 需求端，本质是收入分配的问题。企业想要赚钱，就应该“多、快、好、省”，不过目前只看到了省…",,,朋友圈;生活切片,true,moment-2026-07-05-1449.jpg,medium,"截图正文末尾出现'…'，疑似被截断；需确认完整内容后再 ready；已忽略他人评论与点赞"
